Topic,Count,Name,Representation,Representative_Docs
0,79,0_collision_systems_braking collision_collision alert,"['collision', 'systems', 'braking collision', 'collision alert', 'systems work', 'really traffic', 'really', 'alert systems', 'emergency braking', 'alert']","['Emergency braking and collision alert systems work really well in traffic.', 'Emergency braking and collision alert systems work really well in traffic. Finding a working charging station in my city is still very difficult.', 'Finding a working charging station in my city is still very difficult. Emergency braking and collision alert systems work really well in traffic.']"
1,60,1_range_transparent_proper_time company,"['range', 'transparent', 'proper', 'time company', 'proper information', 'battery degrades', 'information', 'information battery', 'company transparent', 'degrades time']","['No proper information on how battery degrades over time, company should be transparent. The real world range is much lower than advertised, I only get 200 km on a full charge.', 'LED lighting and digital dashboard give it a premium, modern look. Claimed range of 150 km is misleading, actual range is way less in city traffic. No proper information on how battery degrades over time, company should be transparent.', 'For daily commute the range is fine but long trips are stressful because of low range. Energy used to charge still comes mostly from coal in my region, defeats the purpose somewhat. No proper information on how battery degrades over time, company should be transparent.']"
2,75,2_makes_high_size makes_park,"['makes', 'high', 'size makes', 'park', 'easy', 'maneuver', 'makes easy', 'compact size', 'maneuver city', 'size']","['Compact size makes it easy to park and maneuver in city traffic. Fast charging network needs serious expansion on highways.', 'Compact size makes it easy to park and maneuver in city traffic. Handling and stability at high speed feels very confident and safe.', 'Handling and stability at high speed feels very confident and safe. Compact size makes it easy to park and maneuver in city traffic.']"
3,55,3_low_stability control_control wet_impressive,"['low', 'stability control', 'control wet', 'impressive', 'impressive inspires', 'wet', 'inspires confidence', 'inspires', 'wet roads', 'roads impressive']","['Total cost of ownership is great once you factor in low maintenance and fuel savings. Noise levels are impressively low, riding experience is very smooth and quiet.', 'Noise levels are impressively low, riding experience is very smooth and quiet. Stability control on wet roads is impressive and inspires confidence.', 'Total cost of ownership is great once you factor in low maintenance and fuel savings. Noise levels are impressively low, riding experience is very smooth and quiet. Stability control on wet roads is impressive and inspires confidence.']"
4,51,4_big motivation_big_motivation going_motivation,"['big motivation', 'big', 'motivation going', 'motivation', 'contributing', 'going', 'city big', 'cleaner', 'cleaner city', 'contributing cleaner']","['Contributing to a cleaner city is a big motivation behind going electric.', 'Contributing to a cleaner city is a big motivation behind going electric.', 'The battery warranty of 100 years gives me confidence in long term reliability. Contributing to a cleaner city is a big motivation behind going electric.']"
5,51,5_air software_improving_great feature_keeps improving,"['air software', 'improving', 'great feature', 'keeps improving', 'updates great', 'improving time', 'air', 'feature keeps', 'limited', 'storage space']","['Storage space under the seat is very limited, not practical for daily use. Resale value of electric vehicles is still uncertain, worried about depreciation.', 'Over the air software updates are a great feature, keeps improving over time. Storage space under the seat is very limited, not practical for daily use.', 'Storage space under the seat is very limited, not practical for daily use. Over the air software updates are a great feature, keeps improving over time.']"
6,48,6_coal_defeats purpose_defeats_coal region,"['coal', 'defeats purpose', 'defeats', 'coal region', 'comes coal', 'comes', 'charge comes', 'purpose', 'purpose somewhat', 'used charge']","['Energy used to charge still comes mostly from coal in my region, defeats the purpose somewhat.', 'Energy used to charge still comes mostly from coal in my region, defeats the purpose somewhat.', 'Energy used to charge still comes mostly from coal in my region, defeats the purpose somewhat. Price after subsidy is still higher than a comparable petrol scooter.']"
7,56,7_ev_good knowing_knowing_feels good,"['ev', 'good knowing', 'knowing', 'feels good', 'carbon footprint', 'knowing reducing', 'reducing carbon', 'ev feels', 'reducing', 'switching ev']","[""Switching to EV feels good knowing I'm reducing my carbon footprint."", ""Switching to EV feels good knowing I'm reducing my carbon footprint."", ""Service center staff are not well trained to handle EV specific issues. Switching to EV feels good knowing I'm reducing my carbon footprint.""]"
8,65,8_vehicle good_test ratings_test_purchase decision,"['vehicle good', 'test ratings', 'test', 'purchase decision', 'ratings', 'ratings reassured', 'reassured', 'reassured purchase', 'purchase', 'decision']","['The vehicle has good crash test ratings which reassured my purchase decision.', 'The vehicle has good crash test ratings which reassured my purchase decision. Suspension is too stiff, ride quality is uncomfortable on bad roads.', 'Had a great experience with the service team, they explained everything clearly. The vehicle has good crash test ratings which reassured my purchase decision.']"
9,74,9_lot_better_expected_attracts lot,"['lot', 'better', 'expected', 'attracts lot', 'attracts', 'looks futuristic', 'attention', 'road', 'lot attention', 'attention road']","['The design looks futuristic and attracts a lot of attention on the road. The motor is powerful and pickup is much better than petrol variants. Battery health dropped to 85% within 18 months of daily use.', 'The design looks futuristic and attracts a lot of attention on the road. For the price, I expected better build quality and more features.', 'The design looks futuristic and attracts a lot of attention on the road. Battery range degrades faster than expected after just one year of use.']"
10,57,10_battery replacement_cost half_half price_concerning,"['battery replacement', 'cost half', 'half price', 'concerning', 'price vehicle', 'vehicle concerning', 'half', 'replacement cost', 'advanced safety', 'features like']","['Battery replacement cost is almost half the price of the vehicle, very concerning.', 'There are very few authorized service centers, had to travel 250 km for repair. Battery replacement cost is almost half the price of the vehicle, very concerning.', 'Battery replacement cost is almost half the price of the vehicle, very concerning. There are very few authorized service centers, had to travel 8 km for repair.']"
11,55,11_home_bluetooth_riding frustrating_connectivity,"['home', 'bluetooth', 'riding frustrating', 'connectivity', 'bluetooth connectivity', 'drops frequently', 'frustrating', 'frequently riding', 'connectivity drops', 'frequently']","['Bluetooth connectivity drops frequently while riding, very frustrating.', 'Bluetooth connectivity drops frequently while riding, very frustrating.', 'Home charging setup was expensive and took weeks to install. Spare parts availability is a major issue, waited a month for a replacement part. Bluetooth connectivity drops frequently while riding, very frustrating.']"
12,44,12_battery disposal_environmental_disposal_disposal recycling,"['battery disposal', 'environmental', 'disposal', 'disposal recycling', 'concerned', 'concerned environmental', 'environmental impact', 'recycling', 'impact', 'impact battery']","['Concerned about environmental impact of battery disposal and recycling.', 'Concerned about environmental impact of battery disposal and recycling.', 'Concerned about environmental impact of battery disposal and recycling.']"
13,37,13_18_18 months_85_85 18,"['18', '18 months', '85', '85 18', 'health dropped', 'months daily', 'months', 'battery health', 'dropped', 'dropped 85']","['Battery health dropped to 85% within 18 months of daily use.', 'Battery health dropped to 85% within 18 months of daily use.', 'Battery health dropped to 85% within 18 months of daily use.']"
14,37,14_service_bit plain_design bit_compared rivals,"['service', 'bit plain', 'design bit', 'compared rivals', 'bit', 'materials feel', 'rivals', 'plain compared', 'plain', 'feel']","['Build materials feel sturdy but the design is a bit too plain compared to rivals.', 'Waiting time for service appointment is too long, more service centers needed. Build materials feel sturdy but the design is a bit too plain compared to rivals. Love the app that shows nearby charging stations, very convenient feature.', 'Build materials feel sturdy but the design is a bit too plain compared to rivals. Waiting time for service appointment is too long, more service centers needed.']"
15,60,15_highway_discount_ev subsidy_delayed discount,"['highway', 'discount', 'ev subsidy', 'delayed discount', 'subsidy scheme', 'state got', 'delayed', 'state', 'got', 'got delayed']","['EV subsidy scheme in my state got delayed and the discount amount reduced suddenly.', 'EV subsidy scheme in my state got delayed and the discount amount reduced suddenly.', 'EV subsidy scheme in my state got delayed and the discount amount reduced suddenly. Highway charging stops are rare, long distance travel is a nightmare.']"
16,32,16_tier_surprisingly_surprisingly high_compared petrol,"['tier', 'surprisingly', 'surprisingly high', 'compared petrol', 'insurance premium', 'insurance', 'high compared', 'ev surprisingly', 'premium ev', 'petrol vehicles']","['Insurance premium for EV is surprisingly high compared to petrol vehicles.', 'Insurance premium for EV is surprisingly high compared to petrol vehicles.', 'Charging infrastructure in tier 2 and tier 3 cities is almost non-existent. Insurance premium for EV is surprisingly high compared to petrol vehicles.']"
17,31,17_app keeps_crashing_crashing needs_companion app,"['app keeps', 'crashing', 'crashing needs', 'companion app', 'companion', 'urgent software', 'urgent', 'needs urgent', 'keeps crashing', 'software updates']","['The companion app keeps crashing, needs urgent software updates.', 'The companion app keeps crashing, needs urgent software updates.', 'The companion app keeps crashing, needs urgent software updates.']"
18,38,18_infotainment_infotainment lags_touchscreen_touchscreen infotainment,"['infotainment', 'infotainment lags', 'touchscreen', 'touchscreen infotainment', 'lags intuitive', 'lags', 'intuitive use', 'intuitive', 'quality feels', 'quality']","['Touchscreen infotainment system lags and is not very intuitive to use.', 'Interior quality feels cheap for the price point, needs improvement. Advanced safety features like ABS and traction control give peace of mind. Touchscreen infotainment system lags and is not very intuitive to use.', 'Interior quality feels cheap for the price point, needs improvement. Touchscreen infotainment system lags and is not very intuitive to use.']"
19,30,19_chose_chose electric_emissions_emissions main,"['chose', 'chose electric', 'emissions', 'emissions main', 'reason', 'reason chose', 'main reason', 'main', 'zero tailpipe', 'zero']","['Zero tailpipe emissions is the main reason I chose an electric vehicle.', 'Zero tailpipe emissions is the main reason I chose an electric vehicle.', 'Zero tailpipe emissions is the main reason I chose an electric vehicle.']"
20,41,20_dashboard_caused_freeze twice_glitches,"['dashboard', 'caused', 'freeze twice', 'glitches', 'freeze', 'glitches caused', 'dashboard freeze', 'caused dashboard', 'twice month', 'twice']","['Software glitches caused the dashboard to freeze twice in a month.', 'Software glitches caused the dashboard to freeze twice in a month.', 'Software glitches caused the dashboard to freeze twice in a month.']"
21,33,21_cost warranty_battery degradation_warranty ends_ends,"['cost warranty', 'battery degradation', 'warranty ends', 'ends', 'degradation replacement', 'worried battery', 'degradation', 'warranty', 'replacement cost', 'worried']","['Worried about battery degradation and replacement cost after warranty ends.', 'After sales support has been excellent, quick response and doorstep service. Worried about battery degradation and replacement cost after warranty ends.', 'Worried about battery degradation and replacement cost after warranty ends. After sales support has been excellent, quick response and doorstep service.']"
22,28,22_app based_based_based lock_features work,"['app based', 'based', 'based lock', 'features work', 'flawlessly', 'flawlessly convenient', 'lock', 'smart key', 'work flawlessly', 'smart']","['Smart key and app based lock features work flawlessly, very convenient.', 'Smart key and app based lock features work flawlessly, very convenient.', 'Smart key and app based lock features work flawlessly, very convenient.']"
23,29,23_30 range_badly_badly winter_cold weather,"['30 range', 'badly', 'badly winter', 'cold weather', 'drops badly', 'cold', 'winter lost', 'winter', 'range cold', 'lost']","['Range drops badly in winter, I lost almost 30% range in cold weather.', 'Range drops badly in winter, I lost almost 30% range in cold weather.', 'Acceleration is smooth and instant torque makes overtaking effortless. Range drops badly in winter, I lost almost 30% range in cold weather. Had a great experience with the service team, they explained everything clearly.']"
24,34,24_braking_braking feels_braking works_responsive,"['braking', 'braking feels', 'braking works', 'responsive', 'regenerative braking', 'responsive regenerative', 'sharp', 'sharp responsive', 'works', 'feels sharp']","['Braking system feels sharp and responsive, regenerative braking works well.', 'Braking system feels sharp and responsive, regenerative braking works well.', 'Braking system feels sharp and responsive, regenerative braking works well.']"
